section,item,detail,price,service,
main,cheeseburger club sandwich,fries,18,dinner
main,bean and cheese pupusa,"pickled cabbage, jalape√±o labne",12,dinner
main,roasted japanese sweet potato,"tahini, chile crisp",10,dinner
main,lentils and samosas,"tomato chutney, date chutney",18,dinner
side,fried potatos,,10,dinner
side,greek salad,,10,dinner
side,fried cauliflower,,10,dinner
side,falafel,,10,dinner
side,grilled cabbage,,10,dinner
side,panzanella,,10,dinner
main,testing,,10,brunch
main,testing,,10,brunch
main,testing,,10,brunch
main,testing,,10,brunch